[
{"name":"flare.it.gattino\n","size":2,"imports":["flare.en.kitten\n","flare.en.kitty\n"]},
{"name":"flare.de.Kater\n","size":5,"imports":["flare.it.gatto\n","flare.en.hangover\n","flare.fr.chat\n","flare.en.cat\n","flare.en.tomcat\n"]},
{"name":"flare.fr.chat\n","size":8,"imports":["flare.de.Kater\n","flare.it.gatto\n","flare.it.micio\n","flare.it.felino\n","flare.de.Katze\n","flare.it.micia\n","flare.en.cat\n","flare.en.tomcat\n"]},
{"name":"flare.de.Katze\n","size":4,"imports":["flare.en.she-cat\n","flare.it.gatto\n","flare.fr.chat\n","flare.en.cat\n"]},
{"name":"flare.de.Katzenjammer\n","size":1,"imports":["flare.en.hangover\n"]},
{"name":"flare.de.Kätzin\n","size":2,"imports":["flare.en.she-cat\n","flare.en.cat\n"]},
{"name":"flare.it.micia\n","size":4,"imports":["flare.en.she-cat\n","flare.fr.chat\n","flare.en.puss\n","flare.en.cat\n"]},
{"name":"flare.en.cat\n","size":9,"imports":["flare.de.Kater\n","flare.it.gatto\n","flare.it.micio\n","flare.it.felino\n","flare.fr.chat\n","flare.de.Katze\n","flare.de.Kätzin\n","flare.it.micia\n","flare.de.Großkatze\n"]},
{"name":"flare.de.Kätzchen\n","size":2,"imports":["flare.en.kitten\n","flare.en.kitty\n"]},
{"name":"flare.en.tomcat\n","size":2,"imports":["flare.de.Kater\n","flare.fr.chat\n"]},
{"name":"flare.en.she-cat\n","size":3,"imports":["flare.de.Katze\n","flare.de.Kätzin\n","flare.it.micia\n"]},
{"name":"flare.en.kitten\n","size":4,"imports":["flare.it.gattino\n","flare.it.micio\n","flare.de.Katzenjunges\n","flare.de.Kätzchen\n"]},
{"name":"flare.it.gatto\n","size":4,"imports":["flare.de.Kater\n","flare.fr.chat\n","flare.de.Katze\n","flare.en.cat\n"]},
{"name":"flare.en.hangover\n","size":2,"imports":["flare.de.Kater\n","flare.de.Katzenjammer\n"]},
{"name":"flare.it.micio\n","size":4,"imports":["flare.en.kitten\n","flare.fr.chat\n","flare.en.kitty\n","flare.en.cat\n"]},
{"name":"flare.it.felino\n","size":2,"imports":["flare.fr.chat\n","flare.en.cat\n"]},
{"name":"flare.de.Mieze\n","size":1,"imports":["flare.en.kitty\n"]},
{"name":"flare.en.kitty\n","size":4,"imports":["flare.it.gattino\n","flare.it.micio\n","flare.de.Mieze\n","flare.de.Kätzchen\n"]},
{"name":"flare.en.puss\n","size":1,"imports":["flare.it.micia\n"]},
{"name":"flare.de.Katzenjunges\n","size":1,"imports":["flare.en.kitten\n"]},
{"name":"flare.de.Großkatze\n","size":1,"imports":["flare.en.cat\n"]}
]
