[
{"name":"flare.en.plan\n","size":3,"imports":["flare.de.Plan\n","flare.it.piano\n","flare.it.proposito\n"]},
{"name":"flare.de.Stoff\n","size":1,"imports":["flare.it.soggetto\n"]},
{"name":"flare.it.virgola\n","size":1,"imports":["flare.en.point\n"]},
{"name":"flare.de.Landzunge\n","size":1,"imports":["flare.en.point\n"]},
{"name":"flare.it.sedere\n","size":4,"imports":["flare.en.butt\n","flare.de.Gesäß\n","flare.en.bottom\n","flare.de.Arsch\n"]},
{"name":"flare.en.theme\n","size":1,"imports":["flare.de.Thema\n"]},
{"name":"flare.it.deretano\n","size":2,"imports":["flare.de.Gesäß\n","flare.de.Arsch\n"]},
{"name":"flare.en.argument\n","size":1,"imports":["flare.it.argomento\n"]},
{"name":"flare.de.Gebrauch\n","size":1,"imports":["flare.en.use\n"]},
{"name":"flare.en.net\n","size":1,"imports":["flare.it.rete\n"]},
{"name":"flare.en.point\n","size":11,"imports":["flare.it.punto\n","flare.de.Halbinsel\n","flare.it.virgola\n","flare.de.Landzunge\n","flare.it.momento\n","flare.de.Standpunkt\n","flare.de.Zeitpunkt\n","flare.de.Komma\n","flare.de.Punkt\n","flare.de.Zweck\n","flare.de.Spitze\n"]},
{"name":"flare.de.Resultat\n","size":1,"imports":["flare.it.risultato\n"]},
{"name":"flare.en.sense\n","size":9,"imports":["flare.it.verso\n","flare.it.senso\n","flare.it.significato\n","flare.it.coscienza\n","flare.de.Gefühl\n","flare.de.Verstand\n","flare.de.Sinn\n","flare.it.sensazione\n","flare.de.Bedeutung\n"]},
{"name":"flare.en.union\n","size":1,"imports":["flare.de.Schluss\n"]},
{"name":"flare.en.aim\n","size":3,"imports":["flare.it.scopo\n","flare.de.Ziel\n","flare.fr.but\n"]},
{"name":"flare.de.Sinn\n","size":3,"imports":["flare.en.sense\n","flare.fr.but\n","flare.en.meaning\n"]},
{"name":"flare.de.Bestimmungsort\n","size":1,"imports":["flare.en.destination\n"]},
{"name":"flare.de.Schlagbaum\n","size":1,"imports":["flare.en.gate\n"]},
{"name":"flare.en.club\n","size":1,"imports":["flare.de.Kolben\n"]},
{"name":"flare.de.Bedeutung\n","size":2,"imports":["flare.en.sense\n","flare.en.meaning\n"]},
{"name":"flare.en.end\n","size":6,"imports":["flare.de.Ende\n","flare.it.fine\n","flare.it.scopo\n","flare.fr.but\n","flare.de.Schluss\n","flare.de.Tod\n"]},
{"name":"flare.de.Typ\n","size":1,"imports":["flare.it.soggetto\n"]},
{"name":"flare.de.Gefühl\n","size":1,"imports":["flare.en.sense\n"]},
{"name":"flare.it.premeditazione\n","size":1,"imports":["flare.de.Absicht\n"]},
{"name":"flare.de.Zweck\n","size":4,"imports":["flare.en.use\n","flare.fr.but\n","flare.en.purpose\n","flare.en.point\n"]},
{"name":"flare.de.Tor\n","size":5,"imports":["flare.it.porta\n","flare.en.gate\n","flare.fr.but\n","flare.en.goal\n","flare.en.gateway\n"]},
{"name":"flare.it.traguardo\n","size":2,"imports":["flare.en.sighting\n","flare.en.goal\n"]},
{"name":"flare.en.meaning\n","size":3,"imports":["flare.it.significato\n","flare.de.Sinn\n","flare.de.Bedeutung\n"]},
{"name":"flare.en.design\n","size":8,"imports":["flare.de.Plan\n","flare.de.Design\n","flare.it.disegno\n","flare.it.design\n","flare.de.Muster\n","flare.de.Entwurf\n","flare.de.Absicht\n","flare.it.proposito\n"]},
{"name":"flare.en.destination\n","size":3,"imports":["flare.de.Ziel\n","flare.de.Reiseziel\n","flare.de.Bestimmungsort\n"]},
{"name":"flare.en.topic\n","size":1,"imports":["flare.de.Thema\n"]},
{"name":"flare.it.perché\n","size":1,"imports":["flare.en.reason\n"]},
{"name":"flare.en.ass\n","size":1,"imports":["flare.de.Arsch\n"]},
{"name":"flare.de.Verstand\n","size":2,"imports":["flare.en.sense\n","flare.en.reason\n"]},
{"name":"flare.it.decesso\n","size":1,"imports":["flare.de.Tod\n"]},
{"name":"flare.en.stump\n","size":1,"imports":["flare.de.Stummel\n"]},
{"name":"flare.de.Grund\n","size":9,"imports":["flare.it.ragione\n","flare.it.causa\n","flare.it.motivo\n","flare.en.reason\n","flare.en.land\n","flare.en.bottom\n","flare.it.fondo\n","flare.en.purpose\n","flare.it.terreno\n"]},
{"name":"flare.de.Einfahrt\n","size":1,"imports":["flare.en.gateway\n"]},
{"name":"flare.it.proposito\n","size":6,"imports":["flare.en.plan\n","flare.fr.but\n","flare.en.intention\n","flare.en.design\n","flare.de.Absicht\n","flare.en.purpose\n"]},
{"name":"flare.de.Argument\n","size":1,"imports":["flare.it.argomento\n"]},
{"name":"flare.en.seat\n","size":1,"imports":["flare.de.Gesäß\n"]},
{"name":"flare.de.Nutzen\n","size":1,"imports":["flare.en.use\n"]},
{"name":"flare.en.pocket\n","size":1,"imports":["flare.de.Kippe\n"]},
{"name":"flare.en.evidence\n","size":1,"imports":["flare.it.argomento\n"]},
{"name":"flare.de.Objektiv\n","size":3,"imports":["flare.en.lens\n","flare.en.objective\n","flare.it.obiettivo\n"]},
{"name":"flare.en.goal\n","size":12,"imports":["flare.it.porta\n","flare.it.goal\n","flare.it.traguardo\n","flare.it.fine\n","flare.it.obiettivo\n","flare.it.scopo\n","flare.de.Ziel\n","flare.it.gol\n","flare.it.risultato\n","flare.fr.but\n","flare.it.rete\n","flare.de.Tor\n"]},
{"name":"flare.it.sensazione\n","size":1,"imports":["flare.en.sense\n"]},
{"name":"flare.de.Ende\n","size":4,"imports":["flare.en.end\n","flare.it.fine\n","flare.en.finish\n","flare.it.estremità\n"]},
{"name":"flare.it.fine\n","size":4,"imports":["flare.de.Ende\n","flare.en.end\n","flare.en.finish\n","flare.en.goal\n"]},
{"name":"flare.de.Plan\n","size":2,"imports":["flare.en.plan\n","flare.en.design\n"]},
{"name":"flare.it.significato\n","size":2,"imports":["flare.en.sense\n","flare.en.meaning\n"]},
{"name":"flare.de.Design\n","size":1,"imports":["flare.en.design\n"]},
{"name":"flare.en.finish\n","size":4,"imports":["flare.de.Ende\n","flare.it.fine\n","flare.de.Lack\n","flare.de.Ziel\n"]},
{"name":"flare.it.estremità\n","size":1,"imports":["flare.de.Ende\n"]},
{"name":"flare.it.argomento\n","size":8,"imports":["flare.en.excuse\n","flare.en.proof\n","flare.en.evidence\n","flare.en.pretext\n","flare.en.reason\n","flare.en.argument\n","flare.en.purpose\n","flare.de.Argument\n"]},
{"name":"flare.en.booty\n","size":1,"imports":["flare.de.Arsch\n"]},
{"name":"flare.it.intenzione\n","size":4,"imports":["flare.de.Intention\n","flare.en.intention\n","flare.de.Absicht\n","flare.en.purpose\n"]},
{"name":"flare.it.momento\n","size":1,"imports":["flare.en.point\n"]},
{"name":"flare.en.mace\n","size":1,"imports":["flare.de.Kolben\n"]},
{"name":"flare.it.risultato\n","size":3,"imports":["flare.en.result\n","flare.en.goal\n","flare.de.Resultat\n"]},
{"name":"flare.de.Objekt\n","size":1,"imports":["flare.en.object\n"]},
{"name":"flare.de.Stummel\n","size":5,"imports":["flare.en.butt\n","flare.en.nub\n","flare.en.stump\n","flare.en.stub\n","flare.en.snag\n"]},
{"name":"flare.en.cigarette\n","size":1,"imports":["flare.de.Kippe\n"]},
{"name":"flare.it.punto\n","size":1,"imports":["flare.en.point\n"]},
{"name":"flare.it.obbiettivo\n","size":1,"imports":["flare.en.objective\n"]},
{"name":"flare.it.piano\n","size":1,"imports":["flare.en.plan\n"]},
{"name":"flare.en.gate\n","size":3,"imports":["flare.it.cancello\n","flare.de.Tor\n","flare.de.Schlagbaum\n"]},
{"name":"flare.it.disegno\n","size":1,"imports":["flare.en.design\n"]},
{"name":"flare.fr.but\n","size":14,"imports":["flare.en.end\n","flare.en.butt\n","flare.de.Ziel\n","flare.en.target\n","flare.de.Zweck\n","flare.de.Tor\n","flare.it.proposito\n","flare.en.objective\n","flare.en.aim\n","flare.it.scopo\n","flare.de.Sinn\n","flare.en.purpose\n","flare.en.goal\n","flare.en.intent\n"]},
{"name":"flare.en.intention\n","size":4,"imports":["flare.de.Intention\n","flare.it.intenzione\n","flare.de.Absicht\n","flare.it.proposito\n"]},
{"name":"flare.en.spadix\n","size":1,"imports":["flare.de.Kolben\n"]},
{"name":"flare.de.Subjekt\n","size":1,"imports":["flare.it.soggetto\n"]},
{"name":"flare.en.death\n","size":1,"imports":["flare.de.Tod\n"]},
{"name":"flare.de.Muster\n","size":1,"imports":["flare.en.design\n"]},
{"name":"flare.it.soggetto\n","size":8,"imports":["flare.de.Stoff\n","flare.de.Typ\n","flare.de.Subjekt\n","flare.de.Gegenstand\n","flare.de.Satzgegenstand\n","flare.en.purpose\n","flare.de.Thema\n","flare.de.Sujet\n"]},
{"name":"flare.en.conclusion\n","size":1,"imports":["flare.de.Schluss\n"]},
{"name":"flare.de.Satzgegenstand\n","size":1,"imports":["flare.it.soggetto\n"]},
{"name":"flare.en.snag\n","size":1,"imports":["flare.de.Stummel\n"]},
{"name":"flare.it.fondo\n","size":1,"imports":["flare.de.Grund\n"]},
{"name":"flare.de.Intention\n","size":3,"imports":["flare.it.intenzione\n","flare.en.intention\n","flare.en.purpose\n"]},
{"name":"flare.it.verso\n","size":1,"imports":["flare.en.sense\n"]},
{"name":"flare.en.nub\n","size":1,"imports":["flare.de.Stummel\n"]},
{"name":"flare.it.oggetto\n","size":1,"imports":["flare.en.object\n"]},
{"name":"flare.de.Anwendung\n","size":1,"imports":["flare.en.use\n"]},
{"name":"flare.it.bersaglio\n","size":3,"imports":["flare.en.butt\n","flare.en.target\n","flare.en.mark\n"]},
{"name":"flare.en.sighting\n","size":1,"imports":["flare.it.traguardo\n"]},
{"name":"flare.it.scopo\n","size":8,"imports":["flare.en.end\n","flare.en.aim\n","flare.en.objective\n","flare.fr.but\n","flare.en.reason\n","flare.en.purpose\n","flare.en.goal\n","flare.en.intent\n"]},
{"name":"flare.en.buttocks\n","size":2,"imports":["flare.de.Gesäß\n","flare.de.Arsch\n"]},
{"name":"flare.de.Entwurf\n","size":1,"imports":["flare.en.design\n"]},
{"name":"flare.de.Tod\n","size":4,"imports":["flare.en.end\n","flare.it.decesso\n","flare.it.morte\n","flare.en.death\n"]},
{"name":"flare.en.butt\n","size":10,"imports":["flare.de.Kippe\n","flare.it.culo\n","flare.de.Kolben\n","flare.de.Gesäß\n","flare.it.bersaglio\n","flare.fr.but\n","flare.it.sedere\n","flare.de.Po\n","flare.de.Stummel\n","flare.de.Arsch\n"]},
{"name":"flare.it.coscienza\n","size":1,"imports":["flare.en.sense\n"]},
{"name":"flare.en.arse\n","size":1,"imports":["flare.de.Arsch\n"]},
{"name":"flare.it.porta\n","size":4,"imports":["flare.en.door\n","flare.de.Tor\n","flare.en.goal\n","flare.de.Tür\n"]},
{"name":"flare.en.lens\n","size":1,"imports":["flare.de.Objektiv\n"]},
{"name":"flare.en.result\n","size":1,"imports":["flare.it.risultato\n"]},
{"name":"flare.de.Standpunkt\n","size":1,"imports":["flare.en.point\n"]},
{"name":"flare.it.design\n","size":1,"imports":["flare.en.design\n"]},
{"name":"flare.en.land\n","size":1,"imports":["flare.de.Grund\n"]},
{"name":"flare.en.mark\n","size":1,"imports":["flare.it.bersaglio\n"]},
{"name":"flare.en.purpose\n","size":12,"imports":["flare.de.Intention\n","flare.it.intenzione\n","flare.it.scopo\n","flare.de.Ziel\n","flare.de.Grund\n","flare.fr.but\n","flare.it.argomento\n","flare.it.soggetto\n","flare.de.Zweck\n","flare.de.Absicht\n","flare.it.proposito\n","flare.de.Thema\n"]},
{"name":"flare.it.terreno\n","size":1,"imports":["flare.de.Grund\n"]},
{"name":"flare.de.Sujet\n","size":1,"imports":["flare.it.soggetto\n"]},
{"name":"flare.it.goal\n","size":1,"imports":["flare.en.goal\n"]},
{"name":"flare.en.bum\n","size":1,"imports":["flare.de.Arsch\n"]},
{"name":"flare.de.Halbinsel\n","size":1,"imports":["flare.en.point\n"]},
{"name":"flare.de.Kippe\n","size":3,"imports":["flare.en.butt\n","flare.en.pocket\n","flare.en.cigarette\n"]},
{"name":"flare.en.proof\n","size":1,"imports":["flare.it.argomento\n"]},
{"name":"flare.de.Gesäß\n","size":6,"imports":["flare.en.seat\n","flare.en.butt\n","flare.it.culo\n","flare.it.sedere\n","flare.en.buttocks\n","flare.it.deretano\n"]},
{"name":"flare.de.Lack\n","size":1,"imports":["flare.en.finish\n"]},
{"name":"flare.it.motivo\n","size":2,"imports":["flare.de.Grund\n","flare.en.reason\n"]},
{"name":"flare.de.Ziel\n","size":10,"imports":["flare.en.object\n","flare.en.aim\n","flare.en.objective\n","flare.fr.but\n","flare.en.target\n","flare.en.finish\n","flare.it.meta\n","flare.en.destination\n","flare.en.purpose\n","flare.en.goal\n"]},
{"name":"flare.it.morte\n","size":1,"imports":["flare.de.Tod\n"]},
{"name":"flare.en.target\n","size":5,"imports":["flare.it.obiettivo\n","flare.it.bersaglio\n","flare.de.Zielscheibe\n","flare.de.Ziel\n","flare.fr.but\n"]},
{"name":"flare.de.Gegenstand\n","size":2,"imports":["flare.en.object\n","flare.it.soggetto\n"]},
{"name":"flare.en.door\n","size":1,"imports":["flare.it.porta\n"]},
{"name":"flare.de.Intellekt\n","size":1,"imports":["flare.en.reason\n"]},
{"name":"flare.de.Funktion\n","size":1,"imports":["flare.en.use\n"]},
{"name":"flare.it.cancello\n","size":1,"imports":["flare.en.gate\n"]},
{"name":"flare.it.culo\n","size":5,"imports":["flare.en.butt\n","flare.de.Gesäß\n","flare.en.backside\n","flare.de.Arsch\n","flare.en.faggot\n"]},
{"name":"flare.de.Kolben\n","size":6,"imports":["flare.en.butt\n","flare.en.flask\n","flare.en.piston\n","flare.en.mace\n","flare.en.spadix\n","flare.en.club\n"]},
{"name":"flare.en.stub\n","size":1,"imports":["flare.de.Stummel\n"]},
{"name":"flare.de.Benutzung\n","size":1,"imports":["flare.en.use\n"]},
{"name":"flare.de.Absicht\n","size":7,"imports":["flare.it.intenzione\n","flare.en.intention\n","flare.it.premeditazione\n","flare.en.design\n","flare.en.purpose\n","flare.it.proposito\n","flare.en.intent\n"]},
{"name":"flare.en.bottom\n","size":3,"imports":["flare.it.sedere\n","flare.de.Grund\n","flare.de.Po\n"]},
{"name":"flare.de.Arsch\n","size":10,"imports":["flare.en.bum\n","flare.en.butt\n","flare.it.culo\n","flare.en.ass\n","flare.it.sedere\n","flare.en.buttocks\n","flare.it.deretano\n","flare.en.booty\n","flare.en.arse\n","flare.en.bootie\n"]},
{"name":"flare.de.Tür\n","size":1,"imports":["flare.it.porta\n"]},
{"name":"flare.en.faggot\n","size":1,"imports":["flare.it.culo\n"]},
{"name":"flare.en.object\n","size":4,"imports":["flare.it.oggetto\n","flare.de.Ziel\n","flare.de.Objekt\n","flare.de.Gegenstand\n"]},
{"name":"flare.it.ragione\n","size":2,"imports":["flare.de.Grund\n","flare.en.reason\n"]},
{"name":"flare.en.excuse\n","size":1,"imports":["flare.it.argomento\n"]},
{"name":"flare.en.flask\n","size":1,"imports":["flare.de.Kolben\n"]},
{"name":"flare.it.tema\n","size":1,"imports":["flare.de.Thema\n"]},
{"name":"flare.it.causa\n","size":2,"imports":["flare.de.Grund\n","flare.en.reason\n"]},
{"name":"flare.it.obiettivo\n","size":4,"imports":["flare.en.objective\n","flare.en.target\n","flare.de.Objektiv\n","flare.en.goal\n"]},
{"name":"flare.en.piston\n","size":1,"imports":["flare.de.Kolben\n"]},
{"name":"flare.en.backside\n","size":1,"imports":["flare.it.culo\n"]},
{"name":"flare.it.gol\n","size":1,"imports":["flare.en.goal\n"]},
{"name":"flare.it.meta\n","size":1,"imports":["flare.de.Ziel\n"]},
{"name":"flare.de.Zeitpunkt\n","size":1,"imports":["flare.en.point\n"]},
{"name":"flare.de.Komma\n","size":1,"imports":["flare.en.point\n"]},
{"name":"flare.en.reason\n","size":10,"imports":["flare.it.ragione\n","flare.de.Vernunft\n","flare.it.causa\n","flare.it.perché\n","flare.it.motivo\n","flare.de.Verstand\n","flare.it.scopo\n","flare.de.Grund\n","flare.it.argomento\n","flare.de.Intellekt\n"]},
{"name":"flare.it.rete\n","size":3,"imports":["flare.de.Netz\n","flare.en.net\n","flare.en.goal\n"]},
{"name":"flare.en.gateway\n","size":3,"imports":["flare.de.Einfahrt\n","flare.de.Zugang\n","flare.de.Tor\n"]},
{"name":"flare.en.bootie\n","size":1,"imports":["flare.de.Arsch\n"]},
{"name":"flare.it.uso\n","size":1,"imports":["flare.en.use\n"]},
{"name":"flare.de.Vernunft\n","size":1,"imports":["flare.en.reason\n"]},
{"name":"flare.it.senso\n","size":1,"imports":["flare.en.sense\n"]},
{"name":"flare.en.termination\n","size":1,"imports":["flare.de.Schluss\n"]},
{"name":"flare.en.close\n","size":1,"imports":["flare.de.Schluss\n"]},
{"name":"flare.en.use\n","size":7,"imports":["flare.it.uso\n","flare.de.Nutzen\n","flare.de.Anwendung\n","flare.de.Benutzung\n","flare.de.Zweck\n","flare.de.Gebrauch\n","flare.de.Funktion\n"]},
{"name":"flare.en.objective\n","size":6,"imports":["flare.it.obbiettivo\n","flare.it.obiettivo\n","flare.it.scopo\n","flare.de.Ziel\n","flare.fr.but\n","flare.de.Objektiv\n"]},
{"name":"flare.de.Zielscheibe\n","size":1,"imports":["flare.en.target\n"]},
{"name":"flare.de.Netz\n","size":1,"imports":["flare.it.rete\n"]},
{"name":"flare.en.pretext\n","size":1,"imports":["flare.it.argomento\n"]},
{"name":"flare.de.Po\n","size":2,"imports":["flare.en.butt\n","flare.en.bottom\n"]},
{"name":"flare.de.Schluss\n","size":5,"imports":["flare.en.end\n","flare.en.termination\n","flare.en.close\n","flare.en.union\n","flare.en.conclusion\n"]},
{"name":"flare.de.Zugang\n","size":1,"imports":["flare.en.gateway\n"]},
{"name":"flare.de.Punkt\n","size":1,"imports":["flare.en.point\n"]},
{"name":"flare.de.Reiseziel\n","size":1,"imports":["flare.en.destination\n"]},
{"name":"flare.de.Thema\n","size":5,"imports":["flare.en.topic\n","flare.it.tema\n","flare.en.theme\n","flare.it.soggetto\n","flare.en.purpose\n"]},
{"name":"flare.de.Spitze\n","size":1,"imports":["flare.en.point\n"]},
{"name":"flare.en.intent\n","size":3,"imports":["flare.it.scopo\n","flare.fr.but\n","flare.de.Absicht\n"]}
]
