[
{"name":"flare.en.buttocks_1_noun\n","imports":["flare.de.Arsch_1_noun\n","flare.de.Gesäß_1_noun\n"]},
{"name":"flare.de.Intention_1_noun\n","imports":["flare.it.intenzione_1_noun\n","flare.en.intention_1_noun\n"]},
{"name":"flare.en.gate_2_noun\n","imports":["flare.de.Tor_1_noun\n"]},
{"name":"flare.de.Punkt_1_noun\n","imports":["flare.en.point_1_noun\n"]},
{"name":"flare.it.culo_1_noun\n","imports":["flare.de.Arsch_1_noun\n","flare.en.butt_1_noun\n","flare.de.Gesäß_1_noun\n"]},
{"name":"flare.en.nub_2_noun\n","imports":["flare.de.Stummel_1_noun\n"]},
{"name":"flare.it.obbiettivo_1_noun\n","imports":["flare.en.objective_1_noun\n"]},
{"name":"flare.en.destination_1_noun\n","imports":["flare.de.Ziel_1_noun\n"]},
{"name":"flare.it.tema_2_noun\n","imports":["flare.de.Thema_1_noun\n"]},
{"name":"flare.it.coscienza_1_noun\n","imports":["flare.en.sense_1_noun\n"]},
{"name":"flare.de.Objektiv_1_noun\n","imports":["flare.en.objective_1_noun\n"]},
{"name":"flare.de.Sinn_3_noun\n","imports":["flare.en.sense_1_noun\n","flare.en.meaning_1_noun\n","flare.fr.but_1_noun\n"]},
{"name":"flare.en.target_1_noun\n","imports":["flare.de.Ziel_1_noun\n","flare.fr.but_1_noun\n"]},
{"name":"flare.de.Standpunkt_1_noun\n","imports":["flare.en.point_1_noun\n"]},
{"name":"flare.en.plan_1_noun\n","imports":["flare.de.Plan_1_noun\n","flare.de.Plan_2_noun\n","flare.it.piano_1_noun\n"]},
{"name":"flare.de.Sujet_1_noun\n","imports":["flare.it.soggetto_1_noun\n"]},
{"name":"flare.de.Kolben_1_noun\n","imports":["flare.en.mace_1_noun\n","flare.en.mace_3_noun\n","flare.en.piston_1_noun\n","flare.en.flask_1_noun\n","flare.en.club_1_noun\n","flare.en.spadix_1_noun\n","flare.en.mace_4_noun\n","flare.en.mace_2_noun\n"]},
{"name":"flare.it.sedere_1_noun\n","imports":["flare.de.Arsch_1_noun\n","flare.en.butt_1_noun\n","flare.de.Gesäß_1_noun\n"]},
{"name":"flare.de.Kippe_1_noun\n","imports":["flare.en.butt_1_noun\n"]},
{"name":"flare.en.booty_2_noun\n","imports":["flare.de.Arsch_1_noun\n"]},
{"name":"flare.en.pocket_1_noun\n","imports":["flare.de.Kippe_1_noun\n"]},
{"name":"flare.de.Objekt_1_noun\n","imports":["flare.en.object_1_noun\n"]},
{"name":"flare.de.Schlagbaum_1_noun\n","imports":["flare.en.gate_1_noun\n"]},
{"name":"flare.en.intention_1_noun\n","imports":["flare.it.intenzione_1_noun\n","flare.de.Absicht_1_noun\n"]},
{"name":"flare.it.design_1_noun\n","imports":["flare.en.design_1_noun\n"]},
{"name":"flare.it.disegno_1_noun\n","imports":["flare.en.design_1_noun\n"]},
{"name":"flare.de.Satzgegenstand_1_noun\n","imports":["flare.it.soggetto_1_noun\n"]},
{"name":"flare.en.gateway_1_noun\n","imports":["flare.de.Einfahrt_1_noun\n","flare.de.Zugang_1_noun\n","flare.de.Tor_2_noun\n"]},
{"name":"flare.de.Gefühl_1_noun\n","imports":["flare.en.sense_1_noun\n"]},
{"name":"flare.it.goal_1_noun\n","imports":["flare.en.goal_1_noun\n"]},
{"name":"flare.en.spadix_1_noun\n","imports":["flare.de.Kolben_1_noun\n"]},
{"name":"flare.en.bottom_1_noun\n","imports":["flare.de.Po_1_noun\n","flare.it.sedere_1_noun\n","flare.de.Grund_1_noun\n"]},
{"name":"flare.en.object_1_noun\n","imports":["flare.de.Objekt_1_noun\n","flare.it.oggetto_1_noun\n","flare.de.Gegenstand_1_noun\n"]},
{"name":"flare.de.Ende_1_noun\n","imports":["flare.it.fine_1_noun\n","flare.it.estremità_1_noun\n","flare.it.fine_2_noun\n"]},
{"name":"flare.en.seat_1_noun\n","imports":["flare.de.Gesäß_1_noun\n"]},
{"name":"flare.de.Ziel_1_noun\n","imports":["flare.en.purpose_1_noun\n","flare.en.objective_1_noun\n","flare.en.goal_1_noun\n","flare.fr.but_1_noun\n","flare.en.aim_1_noun\n"]},
{"name":"flare.en.gate_1_noun\n","imports":["flare.de.Tor_2_noun\n","flare.de.Schlagbaum_1_noun\n","flare.it.cancello_1_noun\n"]},
{"name":"flare.en.meaning_1_noun\n","imports":["flare.de.Sinn_1_noun\n"]},
{"name":"flare.de.Verstand_1_noun\n","imports":["flare.en.sense_1_noun\n","flare.en.reason_1_noun\n"]},
{"name":"flare.it.uso_1_noun\n","imports":["flare.en.use_1_noun\n"]},
{"name":"flare.de.Ziel_1_noun\n","imports":["flare.it.meta_1_noun\n","flare.en.target_1_noun\n","flare.en.finish_1_noun\n","flare.en.object_1_noun\n","flare.en.destination_1_noun\n"]},
{"name":"flare.en.end_1_noun\n","imports":["flare.it.fine_1_noun\n","flare.de.Schluss_1_noun\n","flare.de.Ende_1_noun\n","flare.it.fine_2_noun\n","flare.de.Tod_1_noun\n"]},
{"name":"flare.it.estremità_1_noun\n","imports":["flare.de.Ende_1_noun\n"]},
{"name":"flare.it.piano_1_noun\n","imports":["flare.en.plan_1_noun\n"]},
{"name":"flare.it.intenzione_1_noun\n","imports":["flare.en.purpose_1_noun\n","flare.de.Intention_1_noun\n","flare.de.Absicht_1_noun\n","flare.en.intention_1_noun\n"]},
{"name":"flare.en.conclusion_1_noun\n","imports":["flare.de.Schluss_1_noun\n"]},
{"name":"flare.de.Gesäß_1_noun\n","imports":["flare.en.butt_1_noun\n"]},
{"name":"flare.it.gol_1_noun\n","imports":["flare.en.goal_1_noun\n"]},
{"name":"flare.en.bum_3_noun\n","imports":["flare.de.Arsch_1_noun\n"]},
{"name":"flare.de.Tor_1_noun\n","imports":["flare.en.gate_2_noun\n","flare.it.porta_1_noun\n","flare.en.gate_1_noun\n","flare.en.gateway_1_noun\n"]},
{"name":"flare.en.evidence_1_noun\n","imports":["flare.it.argomento_1_noun\n"]},
{"name":"flare.it.fine_2_noun\n","imports":["flare.de.Ende_1_noun\n","flare.en.end_1_noun\n","flare.en.goal_1_noun\n","flare.en.finish_1_noun\n"]},
{"name":"flare.en.excuse_1_noun\n","imports":["flare.it.argomento_1_noun\n"]},
{"name":"flare.de.Intellekt_1_noun\n","imports":["flare.en.reason_1_noun\n"]},
{"name":"flare.en.mace_4_noun\n","imports":["flare.de.Kolben_1_noun\n"]},
{"name":"flare.it.meta_1_noun\n","imports":["flare.de.Ziel_1_noun\n"]},
{"name":"flare.it.traguardo_1_noun\n","imports":["flare.en.sighting_1_noun\n"]},
{"name":"flare.de.Thema_1_noun\n","imports":["flare.en.purpose_1_noun\n","flare.it.soggetto_1_noun\n"]},
{"name":"flare.en.close_2_noun\n","imports":["flare.de.Schluss_1_noun\n"]},
{"name":"flare.it.ragione_1_noun\n","imports":["flare.de.Grund_1_noun\n","flare.en.reason_1_noun\n"]},
{"name":"flare.it.punto_1_noun\n","imports":["flare.en.point_1_noun\n"]},
{"name":"flare.en.land_2_noun\n","imports":["flare.de.Grund_1_noun\n"]},
{"name":"flare.de.Bestimmungsort_1_noun\n","imports":["flare.en.destination_1_noun\n"]},
{"name":"flare.de.Stummel_1_noun\n","imports":["flare.en.stub_1_noun\n","flare.en.nub_1_noun\n","flare.en.nub_2_noun\n","flare.en.snag_2_noun\n","flare.en.snag_3_noun\n","flare.en.stump_1_noun\n","flare.en.snag_1_noun\n"]},
{"name":"flare.en.termination_1_noun\n","imports":["flare.de.Schluss_1_noun\n"]},
{"name":"flare.en.cigarette_1_noun\n","imports":["flare.de.Kippe_1_noun\n"]},
{"name":"flare.en.sighting_1_noun\n","imports":["flare.it.traguardo_1_noun\n"]},
{"name":"flare.en.club_1_noun\n","imports":["flare.de.Kolben_1_noun\n"]},
{"name":"flare.en.stump_1_noun\n","imports":["flare.de.Stummel_1_noun\n"]},
{"name":"flare.en.use_1_noun\n","imports":["flare.de.Zweck_1_noun\n"]},
{"name":"flare.de.Lack_1_noun\n","imports":["flare.en.finish_1_noun\n"]},
{"name":"flare.en.argument_1_noun\n","imports":["flare.it.argomento_1_noun\n"]},
{"name":"flare.de.Muster_1_noun\n","imports":["flare.en.design_1_noun\n"]},
{"name":"flare.de.Argument_1_noun\n","imports":["flare.it.argomento_1_noun\n"]},
{"name":"flare.en.result_1_noun\n","imports":["flare.it.risultato_1_noun\n"]},
{"name":"flare.de.Zweck_1_noun\n","imports":["flare.en.point_1_noun\n","flare.en.use_1_noun\n"]},
{"name":"flare.en.mark_2_noun\n","imports":["flare.it.bersaglio_1_noun\n"]},
{"name":"flare.it.argomento_1_noun\n","imports":["flare.en.reason_1_noun\n","flare.en.proof_1_noun\n","flare.en.evidence_1_noun\n","flare.en.argument_1_noun\n","flare.en.excuse_1_noun\n","flare.de.Argument_1_noun\n","flare.en.pretext_1_noun\n"]},
{"name":"flare.en.intent_1_noun\n","imports":["flare.it.scopo_1_noun\n","flare.fr.but_1_noun\n"]},
{"name":"flare.de.Schluss_1_noun\n","imports":["flare.en.end_1_noun\n"]},
{"name":"flare.en.net_1_noun\n","imports":["flare.it.rete_1_noun\n"]},
{"name":"flare.it.oggetto_1_noun\n","imports":["flare.en.object_1_noun\n"]},
{"name":"flare.de.Design_1_noun\n","imports":["flare.en.design_1_noun\n"]},
{"name":"flare.it.deretano_1_noun\n","imports":["flare.de.Arsch_1_noun\n","flare.de.Gesäß_1_noun\n"]},
{"name":"flare.en.purpose_1_noun\n","imports":["flare.it.scopo_1_noun\n","flare.fr.but_1_noun\n"]},
{"name":"flare.it.momento_1_noun\n","imports":["flare.en.point_1_noun\n"]},
{"name":"flare.en.design_1_noun\n","imports":["flare.it.proposito_1_noun\n"]},
{"name":"flare.de.Zielscheibe_1_noun\n","imports":["flare.en.target_1_noun\n"]},
{"name":"flare.en.meaning_1_noun\n","imports":["flare.de.Sinn_3_noun\n","flare.it.significato_1_noun\n","flare.de.Sinn_2_noun\n","flare.de.Bedeutung_1_noun\n","flare.de.Sinn_4_noun\n"]},
{"name":"flare.en.bum_2_noun\n","imports":["flare.de.Arsch_1_noun\n"]},
{"name":"flare.it.sensazione_1_noun\n","imports":["flare.en.sense_1_noun\n"]},
{"name":"flare.it.scopo_1_noun\n","imports":["flare.fr.but_1_noun\n"]},
{"name":"flare.de.Zugang_1_noun\n","imports":["flare.en.gateway_1_noun\n"]},
{"name":"flare.de.Plan_1_noun\n","imports":["flare.en.plan_1_noun\n","flare.en.design_1_noun\n"]},
{"name":"flare.it.verso_1_noun\n","imports":["flare.en.sense_1_noun\n"]},
{"name":"flare.de.Komma_1_noun\n","imports":["flare.en.point_1_noun\n"]},
{"name":"flare.en.finish_1_noun\n","imports":["flare.it.fine_1_noun\n","flare.de.Lack_1_noun\n","flare.de.Ende_1_noun\n","flare.it.fine_2_noun\n"]},
{"name":"flare.it.risultato_1_noun\n","imports":["flare.en.goal_1_noun\n"]},
{"name":"flare.de.Einfahrt_1_noun\n","imports":["flare.en.gateway_1_noun\n"]},
{"name":"flare.en.reason_1_noun\n","imports":["flare.it.scopo_1_noun\n","flare.it.argomento_1_noun\n"]},
{"name":"flare.it.bersaglio_1_noun\n","imports":["flare.en.target_1_noun\n"]},
{"name":"flare.it.causa_1_noun\n","imports":["flare.de.Grund_1_noun\n","flare.en.reason_1_noun\n"]},
{"name":"flare.en.death_1_noun\n","imports":["flare.de.Tod_1_noun\n"]},
{"name":"flare.en.piston_1_noun\n","imports":["flare.de.Kolben_1_noun\n"]},
{"name":"flare.en.flask_1_noun\n","imports":["flare.de.Kolben_1_noun\n"]},
{"name":"flare.en.point_1_noun\n","imports":["flare.de.Standpunkt_1_noun\n","flare.it.momento_1_noun\n","flare.it.virgola_1_noun\n","flare.de.Zeitpunkt_1_noun\n","flare.de.Landzunge_1_noun\n","flare.de.Punkt_1_noun\n","flare.de.Komma_1_noun\n","flare.de.Halbinsel_1_noun\n","flare.de.Spitze_1_noun\n","flare.it.punto_1_noun\n"]},
{"name":"flare.de.Tod_1_noun\n","imports":["flare.en.end_1_noun\n"]},
{"name":"flare.it.fine_1_noun\n","imports":["flare.de.Ende_1_noun\n","flare.en.end_1_noun\n","flare.en.goal_1_noun\n","flare.en.finish_1_noun\n"]},
{"name":"flare.en.finish_1_noun\n","imports":["flare.de.Ziel_1_noun\n"]},
{"name":"flare.en.topic_1_noun\n","imports":["flare.de.Thema_1_noun\n"]},
{"name":"flare.en.intent_1_noun\n","imports":["flare.de.Absicht_1_noun\n"]},
{"name":"flare.it.senso_1_noun\n","imports":["flare.en.sense_1_noun\n"]},
{"name":"flare.en.mace_3_noun\n","imports":["flare.de.Kolben_1_noun\n"]},
{"name":"flare.en.booty_3_noun\n","imports":["flare.de.Arsch_1_noun\n"]},
{"name":"flare.it.soggetto_1_noun\n","imports":["flare.de.Subjekt_1_noun\n","flare.de.Satzgegenstand_1_noun\n","flare.de.Thema_1_noun\n","flare.de.Sujet_1_noun\n","flare.de.Gegenstand_1_noun\n","flare.de.Stoff_1_noun\n","flare.de.Typ_1_noun\n"]},
{"name":"flare.de.Absicht_1_noun\n","imports":["flare.en.purpose_1_noun\n","flare.en.intent_1_noun\n","flare.en.intention_1_noun\n","flare.en.design_1_noun\n"]},
{"name":"flare.en.snag_3_noun\n","imports":["flare.de.Stummel_1_noun\n"]},
{"name":"flare.en.aim_1_noun\n","imports":["flare.de.Ziel_1_noun\n"]},
{"name":"flare.it.soggetto_1_noun\n","imports":["flare.en.purpose_1_noun\n"]},
{"name":"flare.de.Kolben_1_noun\n","imports":["flare.en.butt_1_noun\n"]},
{"name":"flare.en.close_1_noun\n","imports":["flare.de.Schluss_1_noun\n"]},
{"name":"flare.de.Sinn_1_noun\n","imports":["flare.en.meaning_1_noun\n","flare.en.sense_1_noun\n"]},
{"name":"flare.it.obiettivo_1_noun\n","imports":["flare.en.target_1_noun\n","flare.en.objective_1_noun\n","flare.de.Objektiv_1_noun\n","flare.en.goal_1_noun\n"]},
{"name":"flare.en.object_1_noun\n","imports":["flare.de.Ziel_1_noun\n"]},
{"name":"flare.de.Landzunge_1_noun\n","imports":["flare.en.point_1_noun\n"]},
{"name":"flare.de.Arsch_1_noun\n","imports":["flare.en.butt_1_noun\n"]},
{"name":"flare.it.porta_1_noun\n","imports":["flare.de.Tor_1_noun\n","flare.en.goal_1_noun\n"]},
{"name":"flare.en.purpose_1_noun\n","imports":["flare.it.intenzione_1_noun\n","flare.de.Grund_1_noun\n","flare.it.soggetto_1_noun\n","flare.it.proposito_1_noun\n","flare.de.Ziel_1_noun\n","flare.de.Thema_1_noun\n","flare.de.Intention_1_noun\n","flare.de.Absicht_1_noun\n","flare.de.Zweck_1_noun\n","flare.it.argomento_1_noun\n"]},
{"name":"flare.it.virgola_1_noun\n","imports":["flare.en.point_1_noun\n"]},
{"name":"flare.de.Resultat_1_noun\n","imports":["flare.it.risultato_1_noun\n"]},
{"name":"flare.de.Zweck_1_noun\n","imports":["flare.en.purpose_1_noun\n","flare.fr.but_1_noun\n"]},
{"name":"flare.it.argomento_1_noun\n","imports":["flare.en.purpose_1_noun\n"]},
{"name":"flare.en.reason_1_noun\n","imports":["flare.de.Grund_1_noun\n","flare.it.motivo_1_noun\n","flare.de.Verstand_1_noun\n","flare.it.causa_1_noun\n","flare.it.ragione_1_noun\n","flare.it.perché_1_noun\n","flare.de.Intellekt_1_noun\n","flare.de.Vernunft_1_noun\n"]},
{"name":"flare.it.rete_1_noun\n","imports":["flare.en.net_1_noun\n","flare.de.Netz_1_noun\n","flare.en.net_2_noun\n"]},
{"name":"flare.de.Tür_1_noun\n","imports":["flare.it.porta_1_noun\n"]},
{"name":"flare.en.ass_1_noun\n","imports":["flare.de.Arsch_1_noun\n"]},
{"name":"flare.en.snag_2_noun\n","imports":["flare.de.Stummel_1_noun\n"]},
{"name":"flare.de.Sinn_2_noun\n","imports":["flare.en.sense_1_noun\n","flare.en.meaning_1_noun\n","flare.fr.but_1_noun\n"]},
{"name":"flare.en.sense_1_noun\n","imports":["flare.de.Sinn_1_noun\n"]},
{"name":"flare.de.Vernunft_1_noun\n","imports":["flare.en.reason_1_noun\n"]},
{"name":"flare.de.Nutzen_1_noun\n","imports":["flare.en.use_1_noun\n"]},
{"name":"flare.de.Arsch_1_noun\n","imports":["flare.en.buttocks_1_noun\n","flare.en.arse_1_noun\n","flare.en.booty_1_noun\n","flare.en.ass_1_noun\n","flare.it.culo_1_noun\n","flare.en.bum_1_noun\n","flare.en.booty_3_noun\n","flare.en.bum_2_noun\n","flare.en.ass_2_noun\n","flare.en.bum_3_noun\n","flare.en.bootie_1_noun\n","flare.en.bum_4_noun\n","flare.it.sedere_1_noun\n","flare.it.deretano_1_noun\n","flare.en.booty_2_noun\n"]},
{"name":"flare.it.tema_1_noun\n","imports":["flare.de.Thema_1_noun\n"]},
{"name":"flare.it.morte_1_noun\n","imports":["flare.de.Tod_1_noun\n"]},
{"name":"flare.de.Halbinsel_1_noun\n","imports":["flare.en.point_1_noun\n"]},
{"name":"flare.de.Objektiv_2_noun\n","imports":["flare.en.objective_1_noun\n"]},
{"name":"flare.en.gate_1_noun\n","imports":["flare.de.Tor_1_noun\n"]},
{"name":"flare.de.Subjekt_1_noun\n","imports":["flare.it.soggetto_1_noun\n"]},
{"name":"flare.en.end_1_noun\n","imports":["flare.it.scopo_1_noun\n","flare.fr.but_1_noun\n"]},
{"name":"flare.de.Entwurf_1_noun\n","imports":["flare.en.design_1_noun\n"]},
{"name":"flare.de.Grund_1_noun\n","imports":["flare.it.fondo_1_noun\n","flare.it.motivo_1_noun\n","flare.it.causa_1_noun\n","flare.en.land_1_noun\n","flare.it.ragione_1_noun\n","flare.it.terreno_1_noun\n","flare.en.land_2_noun\n","flare.en.bottom_1_noun\n"]},
{"name":"flare.de.Stoff_1_noun\n","imports":["flare.it.soggetto_1_noun\n"]},
{"name":"flare.de.Reiseziel_1_noun\n","imports":["flare.en.destination_1_noun\n"]},
{"name":"flare.en.proof_1_noun\n","imports":["flare.it.argomento_1_noun\n"]},
{"name":"flare.en.plan_1_noun\n","imports":["flare.it.proposito_1_noun\n"]},
{"name":"flare.en.sense_1_noun\n","imports":["flare.de.Sinn_3_noun\n","flare.it.verso_1_noun\n","flare.it.significato_1_noun\n","flare.it.senso_1_noun\n","flare.de.Verstand_1_noun\n","flare.de.Sinn_2_noun\n","flare.de.Gefühl_1_noun\n","flare.de.Bedeutung_1_noun\n","flare.it.sensazione_1_noun\n","flare.de.Sinn_4_noun\n","flare.it.coscienza_1_noun\n"]},
{"name":"flare.de.Schluss_1_noun\n","imports":["flare.en.conclusion_1_noun\n","flare.en.union_1_noun\n","flare.en.close_1_noun\n","flare.en.termination_1_noun\n","flare.en.close_2_noun\n"]},
{"name":"flare.de.Kippe_1_noun\n","imports":["flare.en.cigarette_1_noun\n","flare.en.pocket_1_noun\n"]},
{"name":"flare.en.objective_1_noun\n","imports":["flare.de.Objektiv_1_noun\n","flare.de.Ziel_1_noun\n","flare.de.Objektiv_2_noun\n","flare.it.obbiettivo_1_noun\n","flare.it.obiettivo_1_noun\n"]},
{"name":"flare.it.sedere_1_noun\n","imports":["flare.en.bottom_1_noun\n"]},
{"name":"flare.en.faggot_1_noun\n","imports":["flare.it.culo_1_noun\n"]},
{"name":"flare.it.rete_1_noun\n","imports":["flare.en.goal_1_noun\n"]},
{"name":"flare.de.Tor_2_noun\n","imports":["flare.en.gate_1_noun\n","flare.en.goal_1_noun\n","flare.en.gateway_1_noun\n","flare.fr.but_1_noun\n"]},
{"name":"flare.en.pretext_1_noun\n","imports":["flare.it.argomento_1_noun\n"]},
{"name":"flare.it.porta_1_noun\n","imports":["flare.de.Tür_1_noun\n","flare.en.door_1_noun\n"]},
{"name":"flare.de.Grund_1_noun\n","imports":["flare.en.purpose_1_noun\n","flare.en.reason_1_noun\n"]},
{"name":"flare.de.Po_1_noun\n","imports":["flare.en.butt_1_noun\n"]},
{"name":"flare.de.Zeitpunkt_1_noun\n","imports":["flare.en.point_1_noun\n"]},
{"name":"flare.it.cancello_1_noun\n","imports":["flare.en.gate_1_noun\n"]},
{"name":"flare.de.Ende_1_noun\n","imports":["flare.en.end_1_noun\n","flare.en.finish_1_noun\n"]},
{"name":"flare.en.bum_1_noun\n","imports":["flare.de.Arsch_1_noun\n"]},
{"name":"flare.de.Benutzung_1_noun\n","imports":["flare.en.use_1_noun\n"]},
{"name":"flare.it.bersaglio_1_noun\n","imports":["flare.en.butt_1_noun\n","flare.en.mark_1_noun\n","flare.en.mark_2_noun\n"]},
{"name":"flare.en.mace_2_noun\n","imports":["flare.de.Kolben_1_noun\n"]},
{"name":"flare.de.Tod_1_noun\n","imports":["flare.it.morte_1_noun\n","flare.it.decesso_1_noun\n","flare.en.death_1_noun\n"]},
{"name":"flare.en.butt_1_noun\n","imports":["flare.it.bersaglio_1_noun\n","flare.fr.but_1_noun\n"]},
{"name":"flare.de.Po_1_noun\n","imports":["flare.en.bottom_1_noun\n"]},
{"name":"flare.it.fondo_1_noun\n","imports":["flare.de.Grund_1_noun\n"]},
{"name":"flare.de.Anwendung_1_noun\n","imports":["flare.en.use_1_noun\n"]},
{"name":"flare.en.bootie_1_noun\n","imports":["flare.de.Arsch_1_noun\n"]},
{"name":"flare.en.butt_1_noun\n","imports":["flare.de.Gesäß_1_noun\n","flare.de.Po_1_noun\n","flare.de.Kolben_1_noun\n","flare.it.culo_1_noun\n","flare.de.Po_2_noun\n","flare.de.Arsch_1_noun\n","flare.it.sedere_1_noun\n","flare.de.Kippe_1_noun\n","flare.de.Stummel_1_noun\n"]},
{"name":"flare.de.Gebrauch_1_noun\n","imports":["flare.en.use_1_noun\n"]},
{"name":"flare.en.land_1_noun\n","imports":["flare.de.Grund_1_noun\n"]},
{"name":"flare.en.design_1_noun\n","imports":["flare.it.disegno_1_noun\n","flare.de.Plan_1_noun\n","flare.de.Entwurf_1_noun\n","flare.it.design_1_noun\n","flare.de.Muster_1_noun\n","flare.de.Design_1_noun\n","flare.de.Plan_2_noun\n","flare.de.Absicht_1_noun\n"]},
{"name":"flare.it.perché_1_noun\n","imports":["flare.en.reason_1_noun\n"]},
{"name":"flare.de.Bedeutung_1_noun\n","imports":["flare.en.sense_1_noun\n","flare.en.meaning_1_noun\n"]},
{"name":"flare.en.gateway_1_noun\n","imports":["flare.de.Tor_1_noun\n"]},
{"name":"flare.en.union_1_noun\n","imports":["flare.de.Schluss_1_noun\n"]},
{"name":"flare.en.goal_1_noun\n","imports":["flare.it.scopo_1_noun\n","flare.fr.but_1_noun\n"]},
{"name":"flare.en.arse_1_noun\n","imports":["flare.de.Arsch_1_noun\n"]},
{"name":"flare.en.intention_1_noun\n","imports":["flare.de.Intention_1_noun\n","flare.it.proposito_1_noun\n"]},
{"name":"flare.de.Absicht_1_noun\n","imports":["flare.it.intenzione_1_noun\n","flare.it.proposito_1_noun\n","flare.it.premeditazione_1_noun\n"]},
{"name":"flare.en.mark_1_noun\n","imports":["flare.it.bersaglio_1_noun\n"]},
{"name":"flare.de.Gesäß_1_noun\n","imports":["flare.en.buttocks_1_noun\n","flare.en.seat_1_noun\n","flare.it.culo_1_noun\n","flare.it.sedere_1_noun\n","flare.it.deretano_1_noun\n"]},
{"name":"flare.it.risultato_1_noun\n","imports":["flare.de.Resultat_1_noun\n","flare.en.result_1_noun\n"]},
{"name":"flare.de.Thema_1_noun\n","imports":["flare.en.topic_1_noun\n","flare.en.theme_1_noun\n","flare.it.tema_1_noun\n","flare.it.tema_2_noun\n"]},
{"name":"flare.en.destination_1_noun\n","imports":["flare.de.Bestimmungsort_1_noun\n","flare.de.Reiseziel_1_noun\n"]},
{"name":"flare.de.Funktion_1_noun\n","imports":["flare.en.use_1_noun\n"]},
{"name":"flare.fr.but_1_noun\n","imports":["flare.en.end_1_noun\n","flare.en.aim_1_noun\n","flare.en.goal_1_noun\n","flare.de.Sinn_1_noun\n","flare.de.Ziel_1_noun\n","flare.de.Tor_1_noun\n","flare.de.Sinn_2_noun\n","flare.it.scopo_1_noun\n","flare.de.Sinn_3_noun\n","flare.de.Tor_2_noun\n","flare.en.target_1_noun\n","flare.en.butt_1_noun\n","flare.en.intent_1_noun\n","flare.it.proposito_1_noun\n","flare.en.objective_1_noun\n","flare.de.Zweck_1_noun\n","flare.de.Sinn_4_noun\n","flare.en.purpose_1_noun\n"]},
{"name":"flare.en.snag_1_noun\n","imports":["flare.de.Stummel_1_noun\n"]},
{"name":"flare.en.net_2_noun\n","imports":["flare.it.rete_1_noun\n"]},
{"name":"flare.en.stub_1_noun\n","imports":["flare.de.Stummel_1_noun\n"]},
{"name":"flare.it.significato_1_noun\n","imports":["flare.en.sense_1_noun\n","flare.en.meaning_1_noun\n"]},
{"name":"flare.de.Sinn_1_noun\n","imports":["flare.fr.but_1_noun\n"]},
{"name":"flare.de.Tor_1_noun\n","imports":["flare.en.goal_1_noun\n","flare.fr.but_1_noun\n"]},
{"name":"flare.en.booty_1_noun\n","imports":["flare.de.Arsch_1_noun\n"]},
{"name":"flare.en.lens_1_noun\n","imports":["flare.de.Objektiv_1_noun\n"]},
{"name":"flare.it.decesso_1_noun\n","imports":["flare.de.Tod_1_noun\n"]},
{"name":"flare.de.Typ_1_noun\n","imports":["flare.it.soggetto_1_noun\n"]},
{"name":"flare.it.scopo_1_noun\n","imports":["flare.en.reason_1_noun\n","flare.en.end_1_noun\n","flare.en.aim_1_noun\n","flare.en.intent_1_noun\n","flare.en.goal_1_noun\n","flare.en.objective_1_noun\n","flare.en.purpose_1_noun\n"]},
{"name":"flare.en.ass_2_noun\n","imports":["flare.de.Arsch_1_noun\n"]},
{"name":"flare.it.proposito_1_noun\n","imports":["flare.en.purpose_1_noun\n","flare.de.Absicht_1_noun\n","flare.fr.but_1_noun\n"]},
{"name":"flare.en.mace_1_noun\n","imports":["flare.de.Kolben_1_noun\n"]},
{"name":"flare.de.Objektiv_1_noun\n","imports":["flare.en.lens_1_noun\n","flare.it.obiettivo_1_noun\n"]},
{"name":"flare.de.Plan_2_noun\n","imports":["flare.en.plan_1_noun\n","flare.en.design_1_noun\n"]},
{"name":"flare.de.Po_2_noun\n","imports":["flare.en.butt_1_noun\n"]},
{"name":"flare.it.premeditazione_1_noun\n","imports":["flare.de.Absicht_1_noun\n"]},
{"name":"flare.de.Netz_1_noun\n","imports":["flare.it.rete_1_noun\n"]},
{"name":"flare.en.backside_1_noun\n","imports":["flare.it.culo_1_noun\n"]},
{"name":"flare.it.terreno_1_noun\n","imports":["flare.de.Grund_1_noun\n"]},
{"name":"flare.it.proposito_1_noun\n","imports":["flare.en.design_1_noun\n","flare.en.intention_1_noun\n","flare.en.plan_1_noun\n"]},
{"name":"flare.en.aim_1_noun\n","imports":["flare.it.scopo_1_noun\n","flare.fr.but_1_noun\n"]},
{"name":"flare.en.nub_1_noun\n","imports":["flare.de.Stummel_1_noun\n"]},
{"name":"flare.en.target_1_noun\n","imports":["flare.it.bersaglio_1_noun\n","flare.de.Zielscheibe_1_noun\n","flare.it.obiettivo_1_noun\n"]},
{"name":"flare.en.theme_1_noun\n","imports":["flare.de.Thema_1_noun\n"]},
{"name":"flare.en.use_1_noun\n","imports":["flare.de.Nutzen_1_noun\n","flare.de.Anwendung_1_noun\n","flare.it.uso_1_noun\n","flare.de.Gebrauch_1_noun\n","flare.de.Funktion_1_noun\n","flare.de.Benutzung_1_noun\n"]},
{"name":"flare.it.culo_1_noun\n","imports":["flare.en.faggot_1_noun\n","flare.en.backside_1_noun\n"]},
{"name":"flare.en.point_1_noun\n","imports":["flare.de.Zweck_1_noun\n"]},
{"name":"flare.de.Spitze_1_noun\n","imports":["flare.en.point_1_noun\n"]},
{"name":"flare.it.motivo_1_noun\n","imports":["flare.de.Grund_1_noun\n","flare.en.reason_1_noun\n"]},
{"name":"flare.en.objective_1_noun\n","imports":["flare.it.scopo_1_noun\n","flare.fr.but_1_noun\n"]},
{"name":"flare.it.traguardo_1_noun\n","imports":["flare.en.goal_1_noun\n"]},
{"name":"flare.en.bum_4_noun\n","imports":["flare.de.Arsch_1_noun\n"]},
{"name":"flare.de.Intention_1_noun\n","imports":["flare.en.purpose_1_noun\n"]},
{"name":"flare.en.goal_1_noun\n","imports":["flare.it.risultato_1_noun\n","flare.it.fine_1_noun\n","flare.it.gol_1_noun\n","flare.de.Tor_2_noun\n","flare.de.Tor_1_noun\n","flare.de.Ziel_1_noun\n","flare.it.traguardo_1_noun\n","flare.it.fine_2_noun\n","flare.it.goal_1_noun\n","flare.it.porta_1_noun\n","flare.it.rete_1_noun\n","flare.it.obiettivo_1_noun\n"]},
{"name":"flare.en.door_1_noun\n","imports":["flare.it.porta_1_noun\n"]},
{"name":"flare.de.Gegenstand_1_noun\n","imports":["flare.en.object_1_noun\n","flare.it.soggetto_1_noun\n"]},
{"name":"flare.de.Sinn_4_noun\n","imports":["flare.en.sense_1_noun\n","flare.en.meaning_1_noun\n","flare.fr.but_1_noun\n"]},
{"name":"flare.de.Stummel_1_noun\n","imports":["flare.en.butt_1_noun\n"]}
]
