[
{"name":"flare.de.Kater_1_noun\n","imports":["flare.it.gatto_1_noun\n","flare.en.hangover_1_noun\n","flare.fr.chat_1_noun\n"]},
{"name":"flare.de.Katzenjunges_1_noun\n","imports":["flare.en.kitten_1_noun\n"]},
{"name":"flare.en.hangover_1_noun\n","imports":["flare.de.Kater_2_noun\n"]},
{"name":"flare.it.micio_1_noun\n","imports":["flare.en.kitten_1_noun\n","flare.en.kitty_1_noun\n"]},
{"name":"flare.it.micia_1_noun\n","imports":["flare.en.she-cat_1_noun\n","flare.en.cat_1_noun\n","flare.fr.chat_1_noun\n"]},
{"name":"flare.en.kitten_1_noun\n","imports":["flare.de.Katzenjunges_1_noun\n","flare.it.gattino_1_noun\n","flare.de.Kätzchen_1_noun\n"]},
{"name":"flare.en.cat_2_noun\n","imports":["flare.it.gatto_1_noun\n","flare.de.Kater_1_noun\n","flare.de.Katze_1_noun\n","flare.fr.chat_1_noun\n"]},
{"name":"flare.en.cat_5_noun\n","imports":["flare.it.gatto_1_noun\n","flare.de.Kater_1_noun\n","flare.de.Katze_1_noun\n","flare.fr.chat_1_noun\n"]},
{"name":"flare.en.tomcat_1_noun\n","imports":["flare.de.Kater_1_noun\n","flare.fr.chat_1_noun\n"]},
{"name":"flare.de.Mieze_1_noun\n","imports":["flare.en.kitty_1_noun\n"]},
{"name":"flare.en.cat_1_noun\n","imports":["flare.it.gatto_1_noun\n","flare.de.Kater_1_noun\n","flare.de.Katze_1_noun\n","flare.fr.chat_1_noun\n"]},
{"name":"flare.it.gatto_1_noun\n","imports":["flare.fr.chat_1_noun\n"]},
{"name":"flare.en.cat_4_noun\n","imports":["flare.it.gatto_1_noun\n","flare.de.Kater_1_noun\n","flare.de.Katze_1_noun\n","flare.fr.chat_1_noun\n"]},
{"name":"flare.en.puss_1_noun\n","imports":["flare.it.micia_1_noun\n"]},
{"name":"flare.en.she-cat_1_noun\n","imports":["flare.de.Kätzin_1_noun\n","flare.it.micia_1_noun\n"]},
{"name":"flare.de.Katze_1_noun\n","imports":["flare.it.gatto_1_noun\n","flare.fr.chat_1_noun\n"]},
{"name":"flare.de.Kater_2_noun\n","imports":["flare.en.hangover_1_noun\n"]},
{"name":"flare.it.felino_1_noun\n","imports":["flare.en.cat_1_noun\n","flare.fr.chat_1_noun\n"]},
{"name":"flare.de.Kätzchen_1_noun\n","imports":["flare.en.kitten_1_noun\n","flare.en.kitty_1_noun\n"]},
{"name":"flare.en.kitty_1_noun\n","imports":["flare.it.gattino_1_noun\n","flare.de.Kätzchen_1_noun\n","flare.de.Mieze_1_noun\n"]},
{"name":"flare.en.cat_1_noun\n","imports":["flare.it.micio_1_noun\n","flare.de.Kätzin_1_noun\n","flare.de.Kater_2_noun\n","flare.it.micia_1_noun\n","flare.it.felino_1_noun\n","flare.de.Großkatze_1_noun\n"]},
{"name":"flare.it.gatto_1_noun\n","imports":["flare.de.Kater_1_noun\n","flare.en.cat_1_noun\n","flare.en.cat_4_noun\n","flare.de.Kater_2_noun\n","flare.de.Katze_1_noun\n","flare.en.cat_3_noun\n","flare.en.cat_2_noun\n","flare.en.cat_5_noun\n"]},
{"name":"flare.it.gattino_1_noun\n","imports":["flare.en.kitten_1_noun\n","flare.en.kitty_1_noun\n"]},
{"name":"flare.en.kitty_1_noun\n","imports":["flare.it.micio_1_noun\n"]},
{"name":"flare.it.micia_1_noun\n","imports":["flare.en.puss_1_noun\n","flare.en.puss_2_noun\n"]},
{"name":"flare.en.puss_2_noun\n","imports":["flare.it.micia_1_noun\n"]},
{"name":"flare.fr.chat_1_noun\n","imports":["flare.de.Kater_1_noun\n","flare.it.micia_1_noun\n","flare.en.cat_2_noun\n","flare.en.cat_5_noun\n","flare.en.tomcat_1_noun\n","flare.it.micio_1_noun\n","flare.en.cat_1_noun\n","flare.it.gatto_1_noun\n","flare.en.cat_4_noun\n","flare.de.Kater_2_noun\n","flare.de.Katze_1_noun\n","flare.en.cat_3_noun\n","flare.it.felino_1_noun\n"]},
{"name":"flare.en.she-cat_1_noun\n","imports":["flare.de.Katze_1_noun\n"]},
{"name":"flare.de.Großkatze_1_noun\n","imports":["flare.en.cat_1_noun\n"]},
{"name":"flare.it.micio_1_noun\n","imports":["flare.en.cat_1_noun\n","flare.fr.chat_1_noun\n"]},
{"name":"flare.en.kitten_1_noun\n","imports":["flare.it.micio_1_noun\n"]},
{"name":"flare.en.hangover_1_noun\n","imports":["flare.de.Kater_1_noun\n","flare.de.Katzenjammer_1_noun\n"]},
{"name":"flare.de.Kätzin_1_noun\n","imports":["flare.en.she-cat_1_noun\n","flare.en.cat_1_noun\n"]},
{"name":"flare.de.Kater_1_noun\n","imports":["flare.en.cat_1_noun\n","flare.en.cat_4_noun\n","flare.en.cat_3_noun\n","flare.en.cat_2_noun\n","flare.en.cat_5_noun\n","flare.en.tomcat_1_noun\n"]},
{"name":"flare.de.Kater_2_noun\n","imports":["flare.it.gatto_1_noun\n","flare.en.cat_1_noun\n","flare.fr.chat_1_noun\n"]},
{"name":"flare.de.Katzenjammer_1_noun\n","imports":["flare.en.hangover_1_noun\n"]},
{"name":"flare.en.cat_3_noun\n","imports":["flare.it.gatto_1_noun\n","flare.de.Kater_1_noun\n","flare.de.Katze_1_noun\n","flare.fr.chat_1_noun\n"]},
{"name":"flare.de.Katze_1_noun\n","imports":["flare.en.cat_1_noun\n","flare.en.cat_4_noun\n","flare.en.cat_3_noun\n","flare.en.cat_2_noun\n","flare.en.cat_5_noun\n","flare.en.she-cat_1_noun\n"]}
]
