[
{"name":"flare.de.springen_1_verb\n","imports":["flare.it.zampillare_1_verb\n","flare.fr.plonger_1_verb\n","flare.fr.fêler_1_verb\n"]},
{"name":"flare.it.fontana_1_noun\n","imports":["flare.fr.fontaine_1_noun\n"]},
{"name":"flare.de.Quelle_1_noun\n","imports":["flare.fr.source_2_noun\n","flare.fr.source_1_noun\n","flare.fr.origine_1_noun\n","flare.it.fonte_1_noun\n","flare.it.sorgente_1_noun\n","flare.fr.fontaine_1_noun\n"]},
{"name":"flare.fr.ressort_1_noun\n","imports":["flare.it.molla_1_noun\n","flare.de.Feder_1_noun\n"]},
{"name":"flare.fr.source_1_noun\n","imports":["flare.en.spring_1_noun\n","flare.de.Quelle_1_noun\n"]},
{"name":"flare.de.Brunnen_1_noun\n","imports":["flare.fr.fontaine_1_noun\n"]},
{"name":"flare.fr.fêler_1_verb\n","imports":["flare.de.anbrechen_1_verb\n"]},
{"name":"flare.de.Born_1_noun\n","imports":["flare.fr.fontaine_1_noun\n","flare.fr.source_1_noun\n"]},
{"name":"flare.de.Ursprung_1_noun\n","imports":["flare.fr.origine_1_noun\n"]},
{"name":"flare.de.Frühjahr_1_noun\n","imports":["flare.fr.printemps_1_noun\n"]},
{"name":"flare.en.spring_1_noun\n","imports":["flare.fr.source_2_noun\n","flare.de.Lenz_3_noun\n","flare.de.Frühjahr_1_noun\n","flare.it.primavera_1_noun\n","flare.de.Lenz_1_noun\n","flare.it.fonte_1_noun\n","flare.it.molla_1_noun\n","flare.it.sorgente_1_noun\n","flare.fr.ressort_1_noun\n","flare.de.Feder_1_noun\n","flare.de.Lenz_2_noun\n","flare.fr.printemps_1_noun\n","flare.fr.source_1_noun\n","flare.de.Quelle_1_noun\n","flare.de.Frühling_1_noun\n"]},
{"name":"flare.it.immergere_1_verb\n","imports":["flare.fr.plonger_1_verb\n"]},
{"name":"flare.de.Lenz_1_noun\n","imports":["flare.en.spring_1_noun\n"]},
{"name":"flare.it.fonte_1_noun\n","imports":["flare.fr.fontaine_1_noun\n","flare.en.spring_1_noun\n","flare.fr.source_1_noun\n","flare.de.Quelle_1_noun\n"]},
{"name":"flare.it.sorgente_1_noun\n","imports":["flare.fr.source_2_noun\n"]},
{"name":"flare.it.sorgente_1_noun\n","imports":["flare.fr.fontaine_1_noun\n","flare.en.spring_1_noun\n","flare.fr.source_1_noun\n","flare.de.Quelle_1_noun\n"]},
{"name":"flare.de.Lenz_1_noun\n","imports":["flare.fr.printemps_1_noun\n","flare.it.primavera_1_noun\n"]},
{"name":"flare.fr.ressort_1_noun\n","imports":["flare.en.spring_1_noun\n"]},
{"name":"flare.fr.printemps_1_noun\n","imports":["flare.de.Frühjahr_1_noun\n","flare.en.spring_1_noun\n","flare.it.primavera_1_noun\n","flare.de.Lenz_1_noun\n"]},
{"name":"flare.de.Lenz_2_noun\n","imports":["flare.en.spring_1_noun\n"]},
{"name":"flare.de.untertauchen_1_verb\n","imports":["flare.fr.plonger_1_verb\n"]},
{"name":"flare.it.piuma_1_noun\n","imports":["flare.fr.plume_1_noun\n","flare.fr.plume_2_noun\n"]},
{"name":"flare.fr.plonger_1_verb\n","imports":["flare.de.springen_1_verb\n"]},
{"name":"flare.it.nascita_1_noun\n","imports":["flare.fr.origine_1_noun\n"]},
{"name":"flare.fr.plume_1_noun\n","imports":["flare.it.piuma_1_noun\n"]},
{"name":"flare.de.Quelle_1_noun\n","imports":["flare.en.spring_1_noun\n"]},
{"name":"flare.de.Frühling_1_noun\n","imports":["flare.en.spring_1_noun\n","flare.fr.printemps_1_noun\n"]},
{"name":"flare.it.saltare_1_verb\n","imports":["flare.en.spring_1_verb\n","flare.fr.sauter_1_verb\n"]},
{"name":"flare.fr.source_2_noun\n","imports":["flare.en.spring_1_noun\n","flare.it.sorgente_1_noun\n","flare.de.Quelle_1_noun\n"]},
{"name":"flare.fr.fontaine_1_noun\n","imports":["flare.de.Springbrunnen_1_noun\n","flare.it.fontana_1_noun\n","flare.de.Brunnen_1_noun\n","flare.it.fonte_1_noun\n","flare.it.sorgente_1_noun\n","flare.de.Born_1_noun\n"]},
{"name":"flare.de.Lenz_3_noun\n","imports":["flare.en.spring_1_noun\n"]},
{"name":"flare.de.Frühjahr_1_noun\n","imports":["flare.en.spring_1_noun\n"]},
{"name":"flare.fr.fêler_1_verb\n","imports":["flare.de.springen_1_verb\n"]},
{"name":"flare.it.molla_1_noun\n","imports":["flare.de.Feder_1_noun\n"]},
{"name":"flare.fr.source_1_noun\n","imports":["flare.it.fonte_1_noun\n","flare.it.sorgente_1_noun\n","flare.de.Born_1_noun\n"]},
{"name":"flare.fr.printemps_1_noun\n","imports":["flare.de.Frühling_1_noun\n"]},
{"name":"flare.de.stürzen_1_verb\n","imports":["flare.fr.plonger_1_verb\n"]},
{"name":"flare.de.Feder_1_noun\n","imports":["flare.en.spring_1_noun\n","flare.it.molla_1_noun\n","flare.fr.ressort_1_noun\n"]},
{"name":"flare.fr.plonger_1_verb\n","imports":["flare.de.untertauchen_1_verb\n","flare.it.immergere_1_verb\n","flare.de.tauchen_1_verb\n","flare.de.eintauchen_1_verb\n","flare.de.stürzen_1_verb\n"]},
{"name":"flare.fr.origine_1_noun\n","imports":["flare.de.Quelle_1_noun\n"]},
{"name":"flare.de.Anfang_1_noun\n","imports":["flare.fr.origine_1_noun\n"]},
{"name":"flare.fr.plume_2_noun\n","imports":["flare.it.piuma_1_noun\n"]},
{"name":"flare.de.Frühling_1_noun\n","imports":["flare.it.primavera_1_noun\n"]},
{"name":"flare.de.eintauchen_1_verb\n","imports":["flare.fr.plonger_1_verb\n"]},
{"name":"flare.de.Feder_1_noun\n","imports":["flare.it.piuma_1_noun\n"]},
{"name":"flare.it.primavera_1_noun\n","imports":["flare.fr.printemps_1_noun\n"]},
{"name":"flare.fr.sauter_1_verb\n","imports":["flare.en.spring_1_verb\n"]},
{"name":"flare.de.anbrechen_1_verb\n","imports":["flare.fr.fêler_1_verb\n"]},
{"name":"flare.fr.origine_1_noun\n","imports":["flare.de.Ursprung_1_noun\n","flare.it.nascita_1_noun\n","flare.de.Anfang_1_noun\n"]},
{"name":"flare.it.zampillare_1_verb\n","imports":["flare.de.springen_1_verb\n"]},
{"name":"flare.it.primavera_1_noun\n","imports":["flare.en.spring_1_noun\n","flare.de.Frühling_1_noun\n","flare.de.Lenz_1_noun\n"]},
{"name":"flare.fr.sauter_1_verb\n","imports":["flare.it.saltare_1_verb\n","flare.de.springen_1_verb\n"]},
{"name":"flare.it.saltare_1_verb\n","imports":["flare.de.springen_1_verb\n"]},
{"name":"flare.it.molla_1_noun\n","imports":["flare.en.spring_1_noun\n","flare.fr.ressort_1_noun\n"]},
{"name":"flare.fr.fontaine_1_noun\n","imports":["flare.de.Quelle_1_noun\n"]},
{"name":"flare.de.springen_1_verb\n","imports":["flare.en.spring_1_verb\n","flare.fr.sauter_1_verb\n","flare.it.saltare_1_verb\n"]},
{"name":"flare.de.Springbrunnen_1_noun\n","imports":["flare.fr.fontaine_1_noun\n"]},
{"name":"flare.en.spring_1_verb\n","imports":["flare.it.saltare_1_verb\n","flare.fr.sauter_1_verb\n","flare.de.springen_1_verb\n"]},
{"name":"flare.it.piuma_1_noun\n","imports":["flare.de.Feder_1_noun\n"]},
{"name":"flare.de.tauchen_1_verb\n","imports":["flare.fr.plonger_1_verb\n"]}
]
