[
{"name":"flare.fr.étendre_2_verb\n","imports":["flare.de.reichen_1_verb\n"]},
{"name":"flare.de.ankommen_1_verb\n","imports":["flare.it.arrivare_1_verb\n"]},
{"name":"flare.it.respirare_1_verb\n","imports":["flare.de.einatmen_1_verb\n"]},
{"name":"flare.it.succhiare_1_verb\n","imports":["flare.de.saugen_1_verb\n"]},
{"name":"flare.de.erzielen_1_verb\n","imports":["flare.it.ottenere_1_verb\n","flare.fr.obtenir_1_verb\n","flare.it.segnare_1_verb\n","flare.it.realizzare_1_verb\n"]},
{"name":"flare.it.porta_1_noun\n","imports":["flare.de.Tor_1_noun\n"]},
{"name":"flare.de.anvisieren_1_verb\n","imports":["flare.fr.viser_2_verb\n"]},
{"name":"flare.de.Sinn_3_noun\n","imports":["flare.fr.but_1_noun\n"]},
{"name":"flare.fr.arriver_1_verb\n","imports":["flare.it.arrivare_1_verb\n"]},
{"name":"flare.de.erstreben_1_verb\n","imports":["flare.fr.atteindre_1_verb\n","flare.it.ambire_1_verb\n","flare.fr.aspirer_1_verb\n"]},
{"name":"flare.it.agognare_1_verb\n","imports":["flare.de.sehnen_1_verb\n"]},
{"name":"flare.de.Zweck_1_noun\n","imports":["flare.fr.but_1_noun\n"]},
{"name":"flare.fr.cible_1_noun\n","imports":["flare.en.target_1_noun\n","flare.de.Ziel_1_noun\n","flare.it.bersaglio_1_noun\n"]},
{"name":"flare.fr.atteindre_1_verb\n","imports":["flare.de.erstreben_1_verb\n"]},
{"name":"flare.de.Tür_1_noun\n","imports":["flare.fr.porte_1_noun\n","flare.it.porta_1_noun\n"]},
{"name":"flare.de.sehnen_1_verb\n","imports":["flare.fr.désirer_1_verb\n","flare.it.agognare_1_verb\n","flare.it.struggersi_1_verb\n","flare.it.bramare_1_verb\n","flare.it.desiderare_1_verb\n"]},
{"name":"flare.it.ambire_1_verb\n","imports":["flare.de.erstreben_1_verb\n"]},
{"name":"flare.de.Sinn_2_noun\n","imports":["flare.fr.but_1_noun\n"]},
{"name":"flare.it.struggersi_1_verb\n","imports":["flare.de.sehnen_1_verb\n"]},
{"name":"flare.fr.viser_1_verb\n","imports":["flare.de.erstreben_1_verb\n","flare.de.abzielen_1_verb\n","flare.de.streben_1_verb\n","flare.de.zielen_1_verb\n","flare.de.trachten_1_verb\n","flare.de.anvisieren_1_verb\n"]},
{"name":"flare.fr.atteindre_1_verb\n","imports":["flare.de.durchsetzen_2_verb\n","flare.it.arrivare_1_verb\n","flare.de.durchsetzen_1_verb\n","flare.de.erreichen_1_verb\n","flare.it.colpire_1_verb\n","flare.de.erlangen_1_verb\n","flare.de.einholen_1_verb\n","flare.de.erzielen_1_verb\n","flare.de.reichen_1_verb\n","flare.de.treffen_1_verb\n"]},
{"name":"flare.fr.effectuer_1_verb\n","imports":["flare.de.erlangen_1_verb\n"]},
{"name":"flare.de.saugen_1_verb\n","imports":["flare.fr.aspirer_1_verb\n"]},
{"name":"flare.de.erzielen_1_verb\n","imports":["flare.fr.atteindre_1_verb\n"]},
{"name":"flare.it.mirare_1_verb\n","imports":["flare.de.abzielen_1_verb\n","flare.de.trachten_1_verb\n","flare.de.zielen_1_verb\n"]},
{"name":"flare.it.bramare_1_verb\n","imports":["flare.fr.convoiter_1_verb\n"]},
{"name":"flare.fr.fin_1_noun\n","imports":["flare.it.fine_1_noun\n","flare.de.Ende_1_noun\n","flare.it.fine_2_noun\n"]},
{"name":"flare.it.puntare_1_verb\n","imports":["flare.de.abzielen_1_verb\n"]},
{"name":"flare.de.erstreben_1_verb\n","imports":["flare.fr.viser_1_verb\n"]},
{"name":"flare.it.arrivare_1_verb\n","imports":["flare.fr.atteindre_1_verb\n"]},
{"name":"flare.de.Ziel_1_noun\n","imports":["flare.en.target_1_noun\n"]},
{"name":"flare.fr.respirer_1_verb\n","imports":["flare.de.einatmen_1_verb\n"]},
{"name":"flare.de.sehnen_1_verb\n","imports":["flare.fr.aspirer_1_verb\n"]},
{"name":"flare.de.Ziel_1_noun\n","imports":["flare.it.meta_1_noun\n","flare.fr.but_1_noun\n","flare.fr.cible_1_noun\n"]},
{"name":"flare.fr.finalité_1_noun\n","imports":["flare.de.Zweck_1_noun\n"]},
{"name":"flare.de.treffen_1_verb\n","imports":["flare.fr.rencontrer_1_verb\n"]},
{"name":"flare.de.einatmen_1_verb\n","imports":["flare.fr.inhaler_1_verb\n","flare.it.respirare_1_verb\n","flare.fr.inspirer_1_verb\n","flare.fr.respirer_1_verb\n","flare.it.inspirare_1_verb\n"]},
{"name":"flare.de.Tor_1_noun\n","imports":["flare.fr.porte_1_noun\n","flare.it.porta_1_noun\n"]},
{"name":"flare.de.zielen_1_verb\n","imports":["flare.fr.viser_1_verb\n"]},
{"name":"flare.de.abzielen_1_verb\n","imports":["flare.it.mirare_1_verb\n","flare.it.puntare_1_verb\n"]},
{"name":"flare.it.fine_2_noun\n","imports":["flare.fr.fin_1_noun\n"]},
{"name":"flare.de.erreichen_1_verb\n","imports":["flare.it.raggiungere_1_verb\n"]},
{"name":"flare.it.segnare_1_verb\n","imports":["flare.de.erzielen_1_verb\n"]},
{"name":"flare.it.inspirare_1_verb\n","imports":["flare.de.einatmen_1_verb\n"]},
{"name":"flare.de.zielen_1_verb\n","imports":["flare.fr.viser_2_verb\n","flare.it.mirare_1_verb\n"]},
{"name":"flare.fr.huis_1_noun\n","imports":["flare.it.porta_1_noun\n"]},
{"name":"flare.it.meta_1_noun\n","imports":["flare.de.Ziel_1_noun\n"]},
{"name":"flare.de.reichen_1_verb\n","imports":["flare.fr.donner_1_verb\n","flare.fr.étendre_2_verb\n","flare.fr.passer_1_verb\n","flare.fr.tendre_1_verb\n","flare.fr.servir_1_verb\n","flare.fr.étendre_1_verb\n"]},
{"name":"flare.fr.désirer_1_verb\n","imports":["flare.de.sehnen_1_verb\n"]},
{"name":"flare.fr.cibler_1_verb\n","imports":["flare.en.target_1_verb\n"]},
{"name":"flare.de.erreichen_1_verb\n","imports":["flare.fr.atteindre_1_verb\n"]},
{"name":"flare.de.streben_1_verb\n","imports":["flare.fr.aspirer_1_verb\n","flare.fr.viser_1_verb\n"]},
{"name":"flare.it.arrivare_1_verb\n","imports":["flare.fr.arriver_1_verb\n","flare.de.ankommen_1_verb\n"]},
{"name":"flare.fr.viser_1_verb\n","imports":["flare.en.target_1_verb\n"]},
{"name":"flare.de.anvisieren_1_verb\n","imports":["flare.fr.viser_1_verb\n"]},
{"name":"flare.it.bramare_1_verb\n","imports":["flare.de.sehnen_1_verb\n","flare.fr.aspirer_1_verb\n"]},
{"name":"flare.de.erlangen_1_verb\n","imports":["flare.fr.effectuer_1_verb\n","flare.it.ottenere_1_verb\n"]},
{"name":"flare.fr.convoiter_1_verb\n","imports":["flare.it.bramare_1_verb\n"]},
{"name":"flare.de.Tor_2_noun\n","imports":["flare.fr.porte_1_noun\n","flare.fr.but_1_noun\n"]},
{"name":"flare.fr.rencontrer_1_verb\n","imports":["flare.de.treffen_1_verb\n"]},
{"name":"flare.fr.aspirer_1_verb\n","imports":["flare.de.saugen_1_verb\n","flare.de.streben_1_verb\n","flare.de.sehnen_1_verb\n","flare.de.trachten_1_verb\n","flare.de.saugen_2_verb\n","flare.de.einatmen_1_verb\n","flare.it.bramare_1_verb\n"]},
{"name":"flare.de.reichen_1_verb\n","imports":["flare.fr.atteindre_1_verb\n"]},
{"name":"flare.it.porta_1_noun\n","imports":["flare.fr.huis_1_noun\n","flare.de.Tür_1_noun\n","flare.fr.porte_1_noun\n","flare.fr.portail_1_noun\n"]},
{"name":"flare.fr.viser_2_verb\n","imports":["flare.de.zielen_1_verb\n","flare.de.anvisieren_1_verb\n","flare.en.target_1_verb\n"]},
{"name":"flare.de.Ende_1_noun\n","imports":["flare.fr.fin_1_noun\n"]},
{"name":"flare.it.bersaglio_1_noun\n","imports":["flare.fr.cible_1_noun\n"]},
{"name":"flare.it.raggiungere_1_verb\n","imports":["flare.de.erreichen_1_verb\n"]},
{"name":"flare.de.Zweck_1_noun\n","imports":["flare.fr.fin_2_noun\n","flare.fr.finalité_1_noun\n","flare.fr.fin_1_noun\n"]},
{"name":"flare.fr.donner_1_verb\n","imports":["flare.de.reichen_1_verb\n"]},
{"name":"flare.it.ottenere_1_verb\n","imports":["flare.de.erlangen_1_verb\n","flare.de.erzielen_1_verb\n"]},
{"name":"flare.de.erlangen_1_verb\n","imports":["flare.fr.atteindre_1_verb\n"]},
{"name":"flare.de.einholen_1_verb\n","imports":["flare.fr.atteindre_1_verb\n"]},
{"name":"flare.fr.tendre_1_verb\n","imports":["flare.de.reichen_1_verb\n"]},
{"name":"flare.fr.but_1_noun\n","imports":["flare.de.Ziel_1_noun\n"]},
{"name":"flare.de.durchsetzen_1_verb\n","imports":["flare.fr.atteindre_1_verb\n"]},
{"name":"flare.fr.portail_1_noun\n","imports":["flare.it.porta_1_noun\n"]},
{"name":"flare.it.colpire_1_verb\n","imports":["flare.fr.atteindre_1_verb\n"]},
{"name":"flare.de.Zielscheibe_1_noun\n","imports":["flare.en.target_1_noun\n","flare.fr.cible_1_noun\n"]},
{"name":"flare.it.realizzare_1_verb\n","imports":["flare.de.erzielen_1_verb\n"]},
{"name":"flare.it.scopo_1_noun\n","imports":["flare.fr.but_1_noun\n"]},
{"name":"flare.fr.porte_1_noun\n","imports":["flare.de.Tor_1_noun\n","flare.it.porta_1_noun\n"]},
{"name":"flare.de.durchsetzen_2_verb\n","imports":["flare.fr.atteindre_1_verb\n"]},
{"name":"flare.fr.aspirer_1_verb\n","imports":["flare.de.erstreben_1_verb\n"]},
{"name":"flare.fr.sucer_1_verb\n","imports":["flare.de.saugen_1_verb\n"]},
{"name":"flare.fr.fin_1_noun\n","imports":["flare.de.Zweck_1_noun\n"]},
{"name":"flare.fr.but_1_noun\n","imports":["flare.de.Sinn_3_noun\n","flare.de.Tor_2_noun\n","flare.de.Sinn_1_noun\n","flare.it.proposito_1_noun\n","flare.de.Tor_1_noun\n","flare.de.Sinn_2_noun\n","flare.de.Zweck_1_noun\n","flare.de.Sinn_4_noun\n","flare.it.scopo_1_noun\n"]},
{"name":"flare.de.einholen_1_verb\n","imports":["flare.fr.rattraper_1_verb\n"]},
{"name":"flare.en.target_1_verb\n","imports":["flare.fr.cibler_1_verb\n","flare.fr.viser_2_verb\n","flare.fr.viser_1_verb\n"]},
{"name":"flare.it.desiderare_1_verb\n","imports":["flare.de.sehnen_1_verb\n"]},
{"name":"flare.fr.inhaler_1_verb\n","imports":["flare.de.einatmen_1_verb\n"]},
{"name":"flare.de.abzielen_1_verb\n","imports":["flare.fr.viser_1_verb\n"]},
{"name":"flare.de.Sinn_1_noun\n","imports":["flare.fr.but_1_noun\n"]},
{"name":"flare.de.Tor_1_noun\n","imports":["flare.fr.but_1_noun\n"]},
{"name":"flare.it.bersaglio_1_noun\n","imports":["flare.en.target_1_noun\n"]},
{"name":"flare.fr.servir_1_verb\n","imports":["flare.de.reichen_1_verb\n"]},
{"name":"flare.it.scopo_1_noun\n","imports":["flare.fr.visée_1_noun\n"]},
{"name":"flare.fr.passer_1_verb\n","imports":["flare.de.reichen_1_verb\n"]},
{"name":"flare.it.proposito_1_noun\n","imports":["flare.fr.but_1_noun\n"]},
{"name":"flare.fr.objectif_1_noun\n","imports":["flare.en.target_1_noun\n"]},
{"name":"flare.fr.fin_2_noun\n","imports":["flare.de.Zweck_1_noun\n"]},
{"name":"flare.fr.étendre_1_verb\n","imports":["flare.de.reichen_1_verb\n"]},
{"name":"flare.de.treffen_1_verb\n","imports":["flare.fr.atteindre_1_verb\n"]},
{"name":"flare.de.saugen_2_verb\n","imports":["flare.fr.aspirer_1_verb\n"]},
{"name":"flare.it.uscio_1_noun\n","imports":["flare.fr.porte_1_noun\n"]},
{"name":"flare.de.einatmen_1_verb\n","imports":["flare.fr.aspirer_1_verb\n"]},
{"name":"flare.it.fine_1_noun\n","imports":["flare.fr.fin_1_noun\n"]},
{"name":"flare.fr.rattraper_1_verb\n","imports":["flare.de.einholen_1_verb\n"]},
{"name":"flare.en.target_1_noun\n","imports":["flare.fr.objectif_1_noun\n","flare.de.Ziel_1_noun\n","flare.it.bersaglio_1_noun\n","flare.de.Zielscheibe_1_noun\n","flare.fr.cible_1_noun\n","flare.it.obiettivo_1_noun\n"]},
{"name":"flare.de.trachten_1_verb\n","imports":["flare.fr.aspirer_1_verb\n","flare.fr.viser_1_verb\n"]},
{"name":"flare.de.saugen_1_verb\n","imports":["flare.it.succhiare_1_verb\n","flare.fr.sucer_1_verb\n"]},
{"name":"flare.fr.cible_1_noun\n","imports":["flare.de.Zielscheibe_1_noun\n"]},
{"name":"flare.de.trachten_1_verb\n","imports":["flare.it.mirare_1_verb\n"]},
{"name":"flare.fr.porte_1_noun\n","imports":["flare.de.Tür_1_noun\n","flare.de.Tor_2_noun\n","flare.it.uscio_1_noun\n"]},
{"name":"flare.fr.inspirer_1_verb\n","imports":["flare.de.einatmen_1_verb\n"]},
{"name":"flare.fr.obtenir_1_verb\n","imports":["flare.de.erzielen_1_verb\n"]},
{"name":"flare.de.Sinn_4_noun\n","imports":["flare.fr.but_1_noun\n"]},
{"name":"flare.fr.visée_1_noun\n","imports":["flare.it.scopo_1_noun\n"]},
{"name":"flare.it.obiettivo_1_noun\n","imports":["flare.en.target_1_noun\n"]}
]
