[
{"name":"flare.de.erstreben_1_verb\n","imports":["flare.fr.viser_1_verb\n"]},
{"name":"flare.de.abzielen_1_verb\n","imports":["flare.fr.viser_1_verb\n"]},
{"name":"flare.de.Sinn_1_noun\n","imports":["flare.fr.but_1_noun\n"]},
{"name":"flare.de.Ziel_1_noun\n","imports":["flare.en.target_1_noun\n"]},
{"name":"flare.de.Tor_1_noun\n","imports":["flare.fr.but_1_noun\n"]},
{"name":"flare.it.bersaglio_1_noun\n","imports":["flare.en.target_1_noun\n"]},
{"name":"flare.fr.viser_2_verb\n","imports":["flare.de.zielen_1_verb\n","flare.de.anvisieren_1_verb\n","flare.en.target_1_verb\n"]},
{"name":"flare.de.Ziel_1_noun\n","imports":["flare.it.meta_1_noun\n","flare.fr.but_1_noun\n","flare.fr.cible_1_noun\n"]},
{"name":"flare.it.bersaglio_1_noun\n","imports":["flare.fr.cible_1_noun\n"]},
{"name":"flare.de.anvisieren_1_verb\n","imports":["flare.fr.viser_2_verb\n"]},
{"name":"flare.de.Sinn_3_noun\n","imports":["flare.fr.but_1_noun\n"]},
{"name":"flare.it.proposito_1_noun\n","imports":["flare.fr.but_1_noun\n"]},
{"name":"flare.fr.objectif_1_noun\n","imports":["flare.en.target_1_noun\n"]},
{"name":"flare.de.zielen_1_verb\n","imports":["flare.fr.viser_1_verb\n"]},
{"name":"flare.fr.but_1_noun\n","imports":["flare.de.Ziel_1_noun\n"]},
{"name":"flare.de.abzielen_1_verb\n","imports":["flare.it.mirare_1_verb\n","flare.it.puntare_1_verb\n"]},
{"name":"flare.de.erstreben_1_verb\n","imports":["flare.fr.atteindre_1_verb\n","flare.it.ambire_1_verb\n","flare.fr.aspirer_1_verb\n"]},
{"name":"flare.de.Zweck_1_noun\n","imports":["flare.fr.but_1_noun\n"]},
{"name":"flare.de.zielen_1_verb\n","imports":["flare.fr.viser_2_verb\n","flare.it.mirare_1_verb\n"]},
{"name":"flare.fr.cible_1_noun\n","imports":["flare.en.target_1_noun\n","flare.de.Ziel_1_noun\n","flare.it.bersaglio_1_noun\n"]},
{"name":"flare.fr.atteindre_1_verb\n","imports":["flare.de.erstreben_1_verb\n"]},
{"name":"flare.it.meta_1_noun\n","imports":["flare.de.Ziel_1_noun\n"]},
{"name":"flare.fr.cibler_1_verb\n","imports":["flare.en.target_1_verb\n"]},
{"name":"flare.de.streben_1_verb\n","imports":["flare.fr.viser_1_verb\n"]},
{"name":"flare.en.target_1_noun\n","imports":["flare.fr.objectif_1_noun\n","flare.de.Ziel_1_noun\n","flare.it.bersaglio_1_noun\n","flare.de.Zielscheibe_1_noun\n","flare.fr.cible_1_noun\n","flare.it.obiettivo_1_noun\n"]},
{"name":"flare.it.ambire_1_verb\n","imports":["flare.de.erstreben_1_verb\n"]},
{"name":"flare.de.Zielscheibe_1_noun\n","imports":["flare.en.target_1_noun\n","flare.fr.cible_1_noun\n"]},
{"name":"flare.de.Sinn_2_noun\n","imports":["flare.fr.but_1_noun\n"]},
{"name":"flare.de.trachten_1_verb\n","imports":["flare.fr.viser_1_verb\n"]},
{"name":"flare.fr.viser_1_verb\n","imports":["flare.en.target_1_verb\n"]},
{"name":"flare.de.anvisieren_1_verb\n","imports":["flare.fr.viser_1_verb\n"]},
{"name":"flare.fr.cible_1_noun\n","imports":["flare.de.Zielscheibe_1_noun\n"]},
{"name":"flare.it.scopo_1_noun\n","imports":["flare.fr.but_1_noun\n"]},
{"name":"flare.fr.viser_1_verb\n","imports":["flare.de.erstreben_1_verb\n","flare.de.abzielen_1_verb\n","flare.de.streben_1_verb\n","flare.de.zielen_1_verb\n","flare.de.trachten_1_verb\n","flare.de.anvisieren_1_verb\n"]},
{"name":"flare.de.trachten_1_verb\n","imports":["flare.it.mirare_1_verb\n","flare.fr.aspirer_1_verb\n"]},
{"name":"flare.de.Tor_2_noun\n","imports":["flare.fr.but_1_noun\n"]},
{"name":"flare.it.mirare_1_verb\n","imports":["flare.de.abzielen_1_verb\n","flare.de.trachten_1_verb\n","flare.de.zielen_1_verb\n"]},
{"name":"flare.fr.aspirer_1_verb\n","imports":["flare.de.erstreben_1_verb\n","flare.de.trachten_1_verb\n"]},
{"name":"flare.de.Sinn_4_noun\n","imports":["flare.fr.but_1_noun\n"]},
{"name":"flare.fr.but_1_noun\n","imports":["flare.de.Sinn_3_noun\n","flare.de.Tor_2_noun\n","flare.de.Sinn_1_noun\n","flare.it.proposito_1_noun\n","flare.de.Tor_1_noun\n","flare.de.Sinn_2_noun\n","flare.de.Zweck_1_noun\n","flare.de.Sinn_4_noun\n","flare.it.scopo_1_noun\n"]},
{"name":"flare.it.puntare_1_verb\n","imports":["flare.de.abzielen_1_verb\n"]},
{"name":"flare.it.obiettivo_1_noun\n","imports":["flare.en.target_1_noun\n"]},
{"name":"flare.en.target_1_verb\n","imports":["flare.fr.cibler_1_verb\n","flare.fr.viser_2_verb\n","flare.fr.viser_1_verb\n"]}
]
